id_vuelo,aeropuerto_origen,aeropuerto_destino,origen,destino,fechayhora_origen_estipulado,fechayhora_destino_estipulado,fechayhora_origen,fechayhora_destino,estado,capacidad_maxima_avion,capacidad_usada_avion,precio
FL-9225,MAD,BCN,,,2026-09-30 04:30:00,2026-09-30 07:41:00,2026-09-30 04:30:00,2026-09-30 07:41:00,a tiempo,350.0,176.0,1155.76
FL-1746,,,,Brasil,2026-09-14 12:41:00,,,2026-09-15 03:22:00,a tiempo,220.0,218.0,512.75
FL-7821,,ORY,Brasil,Francia,2026-09-03 09:33:00,2026-09-03 22:19:00,2026-09-03 09:33:00,2026-09-03 22:19:00,a tiempo,220.0,127.0,
FL-9528,CDG,,Francia,Estados Unidos,2026-09-18 10:37:00,2026-09-18 16:10:00,2026-09-18 10:37:00,2026-09-18 16:10:00,a tiempo,,132.0,1856.91
FL-7350,MIA,JFK,,Estados Unidos,,2026-09-23 03:32:00,2026-09-22 20:10:00,2026-09-23 03:32:00,a tiempo,,,596.0
FL-6978,,ORY,,Francia,2026-09-19 05:20:00,2026-09-19 16:58:00,2026-09-19 05:20:00,2026-09-19 16:58:00,a tiempo,220.0,65.0,2252.43
FL-9238,GRU,GIG,,Brasil,,2026-09-22 13:12:00,,,cancelado,150.0,92.0,2368.38
FL-5174,EZE,JFK,Argentina,Estados Unidos,2026-09-07 05:48:00,2026-09-07 09:20:00,2026-09-07 05:48:00,,,120.0,,1176.5
FL-2866,,GIG,Francia,Brasil,2026-09-02 16:47:00,2026-09-02 21:30:00,,2026-09-02 21:30:00,,120.0,79.0,2407.08
FL-6864,BCN,,España,Estados Unidos,,,2026-09-25 10:14:00,,a tiempo,120.0,44.0,1401.24
FL-7471,MIA,MAD,Estados Unidos,España,2026-09-29 18:11:00,2026-09-30 08:45:00,2026-09-29 18:11:00,2026-09-30 08:45:00,a tiempo,150.0,66.0,679.76
FL-2677,GRU,ORY,Brasil,Francia,2026-09-16 18:24:00,2026-09-16 23:34:00,,2026-09-17 03:27:00,atrasado,220.0,65.0,604.01
FL-2438,GIG,EZE,Brasil,,2026-09-06 03:16:00,2026-09-06 13:32:00,2026-09-06 03:46:00,2026-09-06 14:02:00,atrasado,150.0,90.0,943.66
FL-8399,CDG,,Francia,,2026-09-06 18:51:00,2026-09-07 02:21:00,,2026-09-07 07:15:00,atrasado,,100.0,1727.03
FL-8729,GRU,AEP,Brasil,Argentina,2026-09-23 00:25:00,2026-09-23 10:08:00,2026-09-23 00:25:00,2026-09-23 10:08:00,a tiempo,300.0,108.0,2431.71
FL-6259,GRU,,Brasil,Argentina,2026-09-03 21:02:00,2026-09-04 01:17:00,,,,300.0,,1088.41
FL-8732,EZE,AEP,Argentina,,,,2026-09-30 14:24:00,2026-09-30 23:12:00,a tiempo,180.0,50.0,710.72
FL-1015,EZE,AEP,Argentina,Argentina,2026-09-12 10:43:00,2026-09-13 00:02:00,2026-09-12 10:43:00,2026-09-13 00:02:00,a tiempo,300.0,31.0,892.81
FL-4520,GRU,MAD,Brasil,España,2026-09-12 08:53:00,2026-09-12 13:48:00,2026-09-12 08:53:00,,a tiempo,220.0,88.0,2343.46
FL-1062,AEP,BCN,Argentina,España,,2026-09-07 11:48:00,2026-09-07 03:05:00,2026-09-07 11:48:00,,,146.0,2427.49
FL-4059,EZE,CDG,Argentina,Francia,2026-09-11 02:10:00,2026-09-11 08:14:00,,,atrasado,350.0,131.0,1188.82
FL-6544,EZE,,Argentina,Argentina,2026-09-24 02:17:00,2026-09-24 06:18:00,2026-09-24 02:17:00,2026-09-24 06:18:00,a tiempo,,154.0,1956.17
FL-8545,MIA,EZE,Estados Unidos,Argentina,2026-09-27 16:37:00,,2026-09-27 20:52:00,2026-09-28 06:31:00,atrasado,180.0,178.0,
FL-3587,JFK,MAD,Estados Unidos,España,2026-09-17 13:37:00,,2026-09-17 13:37:00,2026-09-17 17:10:00,a tiempo,350.0,307.0,990.36
FL-1162,AEP,MIA,Argentina,Estados Unidos,2026-09-22 12:22:00,2026-09-22 19:40:00,,,cancelado,220.0,179.0,
FL-8182,AEP,BCN,Argentina,España,2026-09-15 03:37:00,2026-09-15 08:45:00,2026-09-15 03:37:00,2026-09-15 08:45:00,a tiempo,120.0,120.0,1976.69
FL-4350,AEP,GRU,Argentina,,2026-09-20 03:02:00,2026-09-20 05:05:00,,2026-09-20 05:05:00,a tiempo,300.0,212.0,1042.78
FL-7636,MIA,,Estados Unidos,Brasil,2026-09-27 02:57:00,2026-09-27 08:47:00,,,cancelado,,110.0,912.83
FL-2856,CDG,JFK,,Estados Unidos,2026-09-06 18:35:00,2026-09-07 04:03:00,2026-09-06 18:35:00,2026-09-07 04:03:00,a tiempo,300.0,266.0,2467.66
FL-7752,,EZE,,Argentina,,2026-09-26 10:56:00,,,cancelado,180.0,120.0,
FL-7285,JFK,,Estados Unidos,Francia,2026-09-20 23:00:00,2026-09-21 02:22:00,2026-09-20 23:00:00,2026-09-21 02:22:00,,350.0,,1699.05
FL-7620,JFK,BCN,,España,2026-09-11 13:41:00,2026-09-11 22:42:00,2026-09-11 17:16:00,2026-09-12 02:17:00,atrasado,120.0,48.0,
FL-3640,GIG,EZE,Brasil,Argentina,2026-09-27 04:12:00,2026-09-27 16:51:00,2026-09-27 04:12:00,2026-09-27 16:51:00,a tiempo,150.0,80.0,1560.63
FL-7123,MAD,ORY,,Francia,2026-09-15 17:57:00,2026-09-16 08:24:00,2026-09-15 17:57:00,2026-09-16 08:24:00,,180.0,138.0,1799.1
FL-3064,BCN,MAD,España,España,2026-09-07 17:06:00,2026-09-07 23:58:00,2026-09-07 21:21:00,2026-09-08 04:13:00,atrasado,350.0,33.0,2145.79
FL-1081,,,Brasil,Argentina,2026-09-27 10:29:00,2026-09-27 17:58:00,2026-09-27 10:29:00,2026-09-27 17:58:00,a tiempo,120.0,,2038.26
FL-9146,,BCN,Brasil,España,2026-09-09 11:34:00,2026-09-09 23:28:00,2026-09-09 11:34:00,2026-09-09 23:28:00,a tiempo,150.0,146.0,
FL-9507,ORY,MAD,Francia,España,2026-09-05 11:33:00,2026-09-05 23:46:00,2026-09-05 11:33:00,,a tiempo,,323.0,
FL-4694,MIA,,Estados Unidos,Francia,2026-09-06 19:08:00,2026-09-07 07:07:00,2026-09-06 19:08:00,2026-09-07 07:07:00,,350.0,337.0,1853.52
FL-8990,MIA,AEP,Estados Unidos,,2026-09-01 15:12:00,2026-09-02 02:53:00,2026-09-01 15:12:00,2026-09-02 02:53:00,a tiempo,300.0,244.0,1007.94
FL-8188,,,,Brasil,,2026-09-25 20:46:00,2026-09-25 11:36:00,2026-09-25 20:46:00,a tiempo,,43.0,1815.63
FL-9558,GIG,CDG,Brasil,Francia,2026-09-24 00:14:00,2026-09-24 09:13:00,,,cancelado,180.0,53.0,527.43
FL-1665,EZE,GIG,Argentina,,2026-09-08 06:13:00,2026-09-08 20:02:00,2026-09-08 06:13:00,2026-09-08 20:02:00,a tiempo,300.0,165.0,
FL-1191,MIA,BCN,Estados Unidos,,2026-09-25 23:13:00,2026-09-26 09:16:00,,,a tiempo,220.0,157.0,1370.49
FL-6576,GRU,EZE,Brasil,,2026-09-10 17:32:00,2026-09-11 00:59:00,,,cancelado,120.0,86.0,669.32
FL-3465,MIA,MAD,,,,,2026-09-03 01:31:00,2026-09-03 08:26:00,a tiempo,120.0,104.0,2237.16
FL-3017,ORY,CDG,Francia,Francia,2026-09-02 21:19:00,2026-09-03 10:56:00,2026-09-02 21:19:00,2026-09-03 10:56:00,a tiempo,350.0,119.0,2492.82
FL-8128,JFK,GIG,Estados Unidos,Brasil,2026-09-02 21:32:00,2026-09-03 05:06:00,2026-09-02 21:32:00,,a tiempo,300.0,,552.67
FL-5380,,CDG,Brasil,Francia,2026-09-17 08:19:00,2026-09-17 16:04:00,2026-09-17 08:19:00,2026-09-17 16:04:00,a tiempo,220.0,136.0,2088.67
FL-2939,,JFK,,Estados Unidos,,2026-09-29 12:28:00,2026-09-29 09:16:00,2026-09-29 12:28:00,a tiempo,220.0,214.0,775.83
FL-3667,CDG,GIG,Francia,Brasil,2026-09-15 01:49:00,2026-09-15 11:58:00,2026-09-15 01:49:00,2026-09-15 11:58:00,,350.0,147.0,1463.47
FL-2263,MAD,GIG,España,Brasil,2026-10-01 10:18:00,2026-10-01 16:59:00,,2026-10-01 16:59:00,a tiempo,350.0,166.0,777.89
FL-6432,EZE,MAD,Argentina,España,2026-09-07 21:52:00,,,,cancelado,120.0,75.0,769.51
FL-2049,CDG,MIA,Francia,Estados Unidos,2026-09-09 12:58:00,2026-09-09 20:01:00,2026-09-09 12:58:00,2026-09-09 20:01:00,a tiempo,120.0,35.0,1649.63
FL-4150,ORY,MIA,Francia,Estados Unidos,2026-09-27 14:13:00,2026-09-27 22:26:00,2026-09-27 14:13:00,2026-09-27 22:26:00,a tiempo,,89.0,1907.31
FL-2339,MAD,,España,Francia,2026-09-13 17:50:00,2026-09-13 20:22:00,2026-09-13 17:50:00,2026-09-13 20:22:00,a tiempo,220.0,142.0,
FL-2702,BCN,,España,,2026-09-07 00:49:00,2026-09-07 15:40:00,2026-09-07 03:29:00,2026-09-07 18:20:00,,150.0,44.0,1300.66
FL-1318,GRU,ORY,Brasil,Francia,2026-09-20 15:09:00,,2026-09-20 15:09:00,,a tiempo,,,755.21
FL-6327,EZE,JFK,,Estados Unidos,2026-09-05 04:57:00,2026-09-05 16:33:00,,,,220.0,136.0,
FL-7015,MIA,JFK,,Estados Unidos,2026-09-14 05:04:00,2026-09-14 17:44:00,2026-09-14 05:04:00,2026-09-14 17:44:00,a tiempo,350.0,173.0,
FL-4384,GRU,BCN,,España,2026-09-28 00:41:00,2026-09-28 03:18:00,,2026-09-28 03:18:00,a tiempo,220.0,33.0,1078.28
FL-2560,MIA,AEP,Estados Unidos,Argentina,2026-09-03 07:52:00,2026-09-03 14:55:00,2026-09-03 07:52:00,,a tiempo,220.0,,2276.07
FL-2546,JFK,CDG,Estados Unidos,Francia,2026-09-06 05:30:00,2026-09-06 15:56:00,,,cancelado,,68.0,1036.44
FL-2003,,CDG,Brasil,Francia,2026-09-07 19:27:00,2026-09-08 01:45:00,2026-09-07 19:27:00,2026-09-08 01:45:00,a tiempo,350.0,87.0,715.26
FL-7768,CDG,EZE,Francia,Argentina,2026-09-08 09:47:00,2026-09-08 22:28:00,,,cancelado,120.0,101.0,2176.07
FL-3020,BCN,MIA,,Estados Unidos,,2026-09-26 08:55:00,2026-09-25 23:29:00,2026-09-26 09:57:00,atrasado,,36.0,2206.84
FL-5770,,MIA,España,Estados Unidos,2026-09-19 21:01:00,2026-09-20 07:15:00,2026-09-19 22:08:00,2026-09-20 08:22:00,atrasado,180.0,144.0,1152.42
FL-5217,JFK,GIG,Estados Unidos,Brasil,2026-09-03 09:54:00,2026-09-03 14:36:00,2026-09-03 09:54:00,,,120.0,57.0,1003.36
FL-4567,ORY,MIA,Francia,Estados Unidos,,2026-09-29 02:11:00,2026-09-29 00:16:00,2026-09-29 03:49:00,,150.0,62.0,614.54
FL-8461,MIA,ORY,Estados Unidos,Francia,,2026-09-11 01:27:00,2026-09-10 12:48:00,2026-09-11 01:27:00,a tiempo,300.0,182.0,886.87
FL-7387,MAD,GIG,España,Brasil,2026-09-16 23:25:00,2026-09-17 04:43:00,2026-09-16 23:25:00,2026-09-17 04:43:00,a tiempo,180.0,102.0,559.23
FL-9286,JFK,BCN,Estados Unidos,España,2026-09-08 10:18:00,2026-09-08 13:16:00,2026-09-08 10:18:00,2026-09-08 13:16:00,a tiempo,150.0,,2171.73
FL-4627,,BCN,España,España,2026-09-09 16:15:00,,2026-09-09 16:15:00,2026-09-09 23:10:00,a tiempo,350.0,239.0,1527.9
FL-1549,GIG,GRU,Brasil,Brasil,2026-09-23 03:25:00,2026-09-23 13:49:00,2026-09-23 05:26:00,2026-09-23 15:50:00,atrasado,350.0,337.0,
FL-8370,AEP,CDG,Argentina,,2026-09-16 01:40:00,2026-09-16 10:48:00,2026-09-16 01:40:00,2026-09-16 10:48:00,a tiempo,220.0,,
FL-8971,GIG,ORY,Brasil,Francia,2026-09-21 22:58:00,2026-09-22 13:11:00,2026-09-21 22:58:00,,,150.0,,912.01
FL-9540,MIA,MAD,Estados Unidos,España,2026-09-29 20:48:00,2026-09-30 06:17:00,2026-09-29 20:48:00,2026-09-30 06:17:00,,150.0,137.0,1523.32
FL-6319,MIA,GIG,Estados Unidos,,2026-09-18 10:19:00,2026-09-18 18:06:00,2026-09-18 10:19:00,,a tiempo,350.0,345.0,980.59
FL-8721,ORY,AEP,Francia,Argentina,2026-09-08 22:23:00,2026-09-09 06:11:00,2026-09-08 22:23:00,2026-09-09 06:11:00,a tiempo,150.0,67.0,
FL-9672,GRU,MAD,Brasil,España,2026-09-28 06:34:00,2026-09-28 21:27:00,,2026-09-28 21:27:00,a tiempo,220.0,210.0,652.33
FL-7899,GRU,,Brasil,Estados Unidos,2026-09-14 14:09:00,2026-09-15 00:44:00,2026-09-14 14:09:00,,,180.0,85.0,858.88
FL-3888,,EZE,,Argentina,2026-10-01 02:30:00,2026-10-01 06:46:00,2026-10-01 02:30:00,2026-10-01 06:46:00,a tiempo,350.0,341.0,883.19
FL-6273,EZE,MIA,Argentina,Estados Unidos,2026-09-22 20:51:00,,2026-09-22 20:51:00,2026-09-23 01:54:00,a tiempo,350.0,75.0,
FL-7269,GRU,BCN,Brasil,España,,2026-09-28 08:13:00,2026-09-28 06:11:00,2026-09-28 08:13:00,,350.0,206.0,2452.71
FL-2335,BCN,JFK,España,Estados Unidos,2026-09-17 23:08:00,2026-09-18 12:47:00,,,cancelado,220.0,189.0,1321.49
FL-6199,ORY,GIG,,Brasil,2026-09-13 11:00:00,2026-09-13 19:43:00,2026-09-13 11:00:00,2026-09-13 19:43:00,a tiempo,120.0,111.0,
FL-3535,JFK,GRU,Estados Unidos,Brasil,2026-09-03 19:56:00,2026-09-04 07:29:00,,,cancelado,150.0,37.0,690.23
FL-3887,,,Argentina,Brasil,2026-09-02 00:31:00,2026-09-02 08:53:00,2026-09-02 03:17:00,2026-09-02 11:39:00,,300.0,274.0,731.86
FL-1596,MIA,EZE,Estados Unidos,,2026-09-13 00:26:00,2026-09-13 10:40:00,,2026-09-13 10:40:00,a tiempo,150.0,66.0,
FL-3755,AEP,MAD,Argentina,España,,2026-10-01 11:30:00,,2026-10-01 11:30:00,a tiempo,150.0,,542.54
FL-3030,BCN,CDG,,Francia,2026-09-02 18:36:00,2026-09-03 03:50:00,2026-09-02 22:39:00,2026-09-03 07:53:00,atrasado,300.0,35.0,2368.89
FL-5063,,GRU,,Brasil,,,2026-09-14 06:06:00,2026-09-14 09:52:00,,350.0,,1033.54
FL-4107,,CDG,España,Francia,2026-09-23 00:17:00,2026-09-23 09:47:00,2026-09-23 04:01:00,2026-09-23 13:31:00,atrasado,150.0,,2332.22
FL-1916,CDG,MAD,,España,2026-09-27 20:57:00,2026-09-28 05:50:00,,,cancelado,300.0,141.0,2049.07
FL-2955,ORY,MIA,Francia,Estados Unidos,2026-09-27 22:50:00,,2026-09-27 22:50:00,2026-09-28 09:20:00,a tiempo,350.0,232.0,1023.41
FL-6779,,,,Argentina,,2026-09-30 10:49:00,2026-09-30 00:35:00,2026-09-30 10:49:00,a tiempo,,152.0,841.58
FL-9364,BCN,MAD,,España,2026-09-24 20:49:00,2026-09-25 10:04:00,2026-09-24 20:49:00,2026-09-25 10:04:00,,,98.0,1456.35
FL-9588,JFK,ORY,Estados Unidos,Francia,2026-09-11 06:08:00,2026-09-11 15:38:00,2026-09-11 10:04:00,2026-09-11 19:34:00,atrasado,300.0,298.0,1209.42
FL-3625,CDG,GRU,Francia,Brasil,2026-09-02 13:44:00,2026-09-02 17:53:00,2026-09-02 13:44:00,,,,,1106.44
FL-6729,,GIG,Argentina,Brasil,2026-09-16 15:35:00,2026-09-17 02:40:00,2026-09-16 15:35:00,2026-09-17 02:40:00,a tiempo,220.0,,835.52
